<?xml version="1.0" encoding="UTF-8" ?>
<extension version="3.1" type="plugin" group="joomshopping" method="upgrade">
    <name>JoomShopping - GercPay Payment Gateway</name>
    <creationDate>2022-04-12</creationDate>
    <author>GercPay</author>
    <authorUrl>https://mustpay.tech</authorUrl>
    <copyright>GercPay</copyright>
    <license>GNU/GPLv3 https://www.gnu.org/licenses/gpl-3.0.html</license>
    <version>1.0.0</version>
    <description>JoomShopping GercPay payment plugin</description>

    <scriptfile>script.php</scriptfile>
    <files>
        <filename plugin="gercpay">pm_gercpay.php</filename>
        <filename>adminparamsform.php</filename>
        <filename>gercpay.png</filename>
        <filename>index.html</filename>
        <filename>paymentform.php</filename>
        <filename>GercPayApi.php</filename>
        <filename>README.md</filename>
        <folder>language</folder>
        <folder>sql</folder>
    </files>

    <updateservers>
        <server type="extension" name="JoomShopping plg_joomshopping_gercpay Update Site">
            <![CDATA[https://raw.githubusercontent.com/gercpay/joomla-joomshopping/master/Joomla4_JoomShopping5/update.xml]]></server>
    </updateservers>
</extension>
